{"cameraMode":{"drawMode":0,"name":"Shaded","section":"Shading Mode"},"sceneLighting":false,"audioPlay":false,"sceneViewState":{"m_AlwaysRefresh":false,"showFog":false,"showSkybox":false,"showFlares":false,"showImageEffects":false,"showParticleSystems":false,"showVisualEffectGraphs":true,"m_FxEnabled":true},"in2DMode":false,"pivot":{"x":-0.0006275773048400879,"y":1.068774700164795,"z":0.007310360670089722},"rotation":{"x":-0.07076927274465561,"y":-0.8996710777282715,"z":0.401956170797348,"w":-0.15645915269851685},"size":1.5479891300201417,"orthographic":false}